{
  "$schema": "https://json-schema.org/draft/2021-11/schema",
  "$id": "https://example.com/banda.schema.json",
  "title": "Banda",
  "required": [ "group", "members", "albums" ],
  "type": "object",
  "properties": {
    "group": {
        "description" : "Name of the band",
        "type": "string",
        "minLength": 3,
        "maxLength" : 20
      },
    "description": {
      "description": "brief history of the band, musical genre, year of creation"
     },
    "members": {
      "name": {
        "description" : "name of the artist",
        "type": "string",
        },
      "instrument": {
        "description" : "role of the artist in the band, instrument they play",
        "type": "string",
        },
    },
    "albums": {
      "title": {
        "type": "string",
        },
      "year": {
        "description":"year of launching",
        "type": "number",
      },
      "songs": {
        "description":"list of song's names",
        "type": "array",
      },
         
    },
    "concerts": {
      "name": "Concert or tour name",
      "date":{
        "description": "date of the concert",
        "type": "string",
        "format": "date",
        

  		},
      "city": {
        "type": "string"
      },
      "capacity":{
        "type": "number"
      }, 
    },
  }
}

