{
  "group": "Alabama Shakes",
  "description":"Grupo estadounidense de southern rock y blues-rock, formado en Athens, Alabama en 2009.",
   "members": [{
     "name": "Brittany Howard",
     "instrument": "voz, guitarra",
   },
   {
     "name": "Heath Fogg",
     "instrument": "guitarra",
   },
   {
     "name": "Zac Cockrell ",
     "instrument": "bajo",
   }, 
   {
     "name": "Steve Johnson",
     "instrument": "batería",
   }],
"albums": [{
     "name": "Boys & Girls",
     "year": 2012,
     "songs": ["Hold On", "I Found You", "Hang Loose", "Rise to the Sun", "You Ain't Alone","Goin' to the Party"],
   },
   {
     "name": "Sound & Color",
     "year": 2015,
     "songs": ["Sound & Color", "Don't Wanna Fight", "Dunes", "Future People", "Gimme All Your Love", "This Feeling", "Guess Who", "The Greatest", "Shoegaze", "Miss You", "Gemini", "Over My Head"],
   },],
"concerts": [{
     "name": "Alabama Shakes y Emily King",
     "date": "05-08-2017",
     "city": "Thompson’s Point, Portland, ME, US",
     "capacity": 7500
   },
   {
     "name": "Osheaga Music & Arts 2017",
     "date": "04-08-2017",
     "city": "Parc Jean-Drapeau, Montreal, QC, Canada",
     "capacity": 15000
   },],
  }